{"fx": 914.676513671875, "fy": 912.8101196289062, "ppx": 645.1201171875, "ppy": 372.2779541015625, "height": 720, "width": 1280, "depth_scale": 0.0010000000474974513}