{"fx": 1372.0147705078125, "fy": 1369.2152099609375, "ppx": 967.6801147460938, "ppy": 558.4169311523438, "height": 1080, "width": 1920, "depth_scale": 0.0010000000474974513}